,first_name,last_name,age,location,style,yoe,accept
0,Emma,Zimmerman ,32.0,North America,tabs,7.0,yes
1,Delaney,Simon ,46.0,North America,tabs,7.0,yes
2,Samuel,Brady ,30.0,Oceania,spaces,15.0,no
3,Everett,Cameron ,35.0,North America,tabs,10.0,no
4,Finley,Brady ,32.0,South America,tabs,6.0,yes
5,Ryleigh,Guerrero ,41.0,Europe,spaces,20.0,yes
6,Sawyer,Acevedo ,37.0,North America,tabs,7.0,yes
7,Cassidy,Gallagher ,39.0,South America,tabs,8.0,no
8,Emery,Crosby ,31.0,Europe,spaces,14.0,no
9,Sophia,Rowland ,28.0,Europe,spaces,16.0,no
10,Jett,Ingram ,39.0,North America,tabs,6.0,yes
11,Kane,Valdez ,33.0,North America,tabs,7.0,yes
12,Adam,Bridges ,38.0,North America,tabs,8.0,no
13,Hattie,Hunter ,21.0,North America,tabs,9.0,no
14,Emmett,Weber ,38.0,North America,tabs,5.0,yes
15,Niko,Barrett ,33.0,North America,tabs,7.0,yes
16,Kevin,Jacobson ,38.0,South America,spaces,14.0,no
17,Crew,Escobar ,33.0,North America,tabs,5.0,yes
18,Oaklynn,Vargas ,33.0,Oceania,spaces,18.0,no
19,Wren,Jenkins ,42.0,North America,tabs,6.0,yes
20,Jonah,Gallagher ,35.0,North America,tabs,7.0,yes
21,Gracelyn,Frye ,38.0,Asia,spaces,16.0,no
22,Nora,Liu ,33.0,South America,tabs,7.0,yes
23,Jacqueline,Atkins ,32.0,Europe,spaces,17.0,no
24,Ari,Burns ,25.0,North America,tabs,8.0,no
25,Carter,Hansen ,33.0,Oceania,spaces,14.0,no
26,Amina,Duran ,33.0,North America,tabs,7.0,yes
27,Kasen,Bullock ,38.0,North America,tabs,10.0,no
28,Eden,Freeman ,37.0,Asia,spaces,13.0,no
29,Armani,Landry ,28.0,Europe,spaces,17.0,no
30,Archie,Jackson ,32.0,North America,tabs,6.0,yes
31,Nicole,Pratt ,36.0,Europe,spaces,15.0,no
32,Daisy,Rojas ,35.0,Asia,spaces,17.0,no
33,Palmer,Solomon ,32.0,North America,tabs,6.0,yes
34,Adonis,Magana ,41.0,South America,tabs,9.0,no
35,Angelina,Peters ,38.0,Asia,spaces,10.0,no
36,Rylee,Foley ,33.0,South America,spaces,17.0,no
37,Savannah,Villa ,41.0,North America,tabs,8.0,no
38,Roman,Faulkner ,48.0,Europe,spaces,15.0,no
39,Genevieve,Mccullough ,35.0,Europe,spaces,17.0,no
40,Zion,Poole ,36.0,South America,tabs,8.0,yes
41,Hayden,Walker ,36.0,Asia,spaces,15.0,no
42,Gemma,Blackwell ,26.0,Asia,spaces,15.0,no
43,Frank,Meadows ,36.0,North America,tabs,7.0,no
44,Alaia,Rhodes ,32.0,North America,tabs,10.0,yes
45,Sofia,Leach ,32.0,North America,tabs,5.0,yes
46,Gavin,Nu¤ez ,26.0,North America,tabs,7.0,no
47,Eli,Beasley ,32.0,North America,tabs,10.0,no
48,Hadley,Marin ,35.0,Europe,spaces,18.0,no
49,Juliette,Mcfarland ,40.0,Asia,spaces,15.0,no
50,Julia,Mclean ,35.0,North America,tabs,8.0,yes
51,Myla,Bass ,38.0,North America,tabs,5.0,no
52,Ezequiel,Garcia ,33.0,North America,tabs,9.0,no
53,Ariel,Nelson ,35.0,Europe,spaces,17.0,no
54,Amaya,Christian ,27.0,South America,spaces,15.0,no
55,Paisley,Duncan ,42.0,North America,tabs,9.0,yes
56,Remington,Terry ,40.0,North America,tabs,6.0,yes
57,Preston,Fleming ,41.0,Europe,spaces,15.0,no
58,Alonzo,Mathis ,39.0,Oceania,spaces,12.0,no
59,Mia,Santos ,35.0,North America,tabs,7.0,no
60,Jonas,Kelly ,39.0,South America,tabs,9.0,no
61,London,Espinosa ,35.0,North America,tabs,8.0,yes
62,Valerie,Wilson ,46.0,Europe,spaces,15.0,no
63,Cassius,Daniels ,36.0,North America,tabs,6.0,no
64,Makayla,Moore ,41.0,North America,tabs,8.0,no
65,Anastasia,Flowers ,36.0,North America,tabs,9.0,no
66,Melissa,Fox ,34.0,North America,tabs,8.0,no
67,Seth,Farrell ,37.0,North America,tabs,9.0,no
68,Genesis,Lyons ,31.0,North America,tabs,9.0,yes
69,Daphne,Jordan ,26.0,Asia,spaces,15.0,no
70,Eric,Taylor ,38.0,Europe,spaces,17.0,no
71,Dahlia,Case ,38.0,Europe,spaces,16.0,no
72,Marco,Adkins ,38.0,North America,tabs,6.0,yes
73,Archie,Mitchell ,33.0,North America,tabs,6.0,yes
74,Brinley,Weaver ,30.0,North America,tabs,6.0,yes
75,Paul,Curry ,44.0,North America,tabs,5.0,yes
76,Saylor,Cisneros ,31.0,South America,spaces,13.0,no
77,Keegan,Nixon ,37.0,South America,spaces,15.0,no
78,Freya,Murphy ,31.0,South America,spaces,16.0,no
79,Heaven,James ,31.0,Europe,spaces,16.0,no
80,Lukas,Hamilton ,33.0,North America,tabs,6.0,no
81,Romeo,Michael ,30.0,North America,tabs,8.0,no
82,Layla,Navarro ,39.0,Oceania,spaces,14.0,no
83,Jade,Blankenship ,42.0,Oceania,spaces,18.0,no
84,Kasen,Marks ,33.0,South America,tabs,9.0,yes
85,Christopher,Turner ,35.0,Asia,spaces,17.0,no
86,Charleigh,Hicks ,40.0,South America,spaces,15.0,no
87,Zara,Fitzpatrick ,35.0,South America,tabs,5.0,yes
88,Mariana,Taylor ,41.0,Europe,spaces,18.0,no
89,Briella,Buckley ,40.0,Asia,spaces,21.0,yes
90,Ashley,Jennings ,35.0,Oceania,spaces,16.0,no
91,Ronan,Conner ,39.0,Africa,spaces,16.0,no
92,Patrick,Correa ,42.0,North America,tabs,6.0,yes
93,Donovan,Santos ,37.0,North America,tabs,6.0,no
94,Annie,Callahan ,44.0,North America,tabs,8.0,no
95,Collins,Jones ,41.0,North America,tabs,8.0,yes
96,Jonas,Stafford ,40.0,Oceania,spaces,16.0,no
97,Evie,Lyons ,32.0,North America,tabs,5.0,yes
98,Sofia,Walton ,36.0,North America,tabs,6.0,no
99,Gabriel,Pollard ,41.0,North America,tabs,8.0,no
100,Atticus,Knox ,40.0,North America,tabs,10.0,yes
101,Jayden,Newton ,33.0,Africa,spaces,12.0,no
102,Jorge,Dorsey ,39.0,Africa,spaces,16.0,no
103,Austin,Randall ,41.0,Africa,spaces,14.0,no
104,Cayden,Leach ,30.0,North America,tabs,7.0,yes
105,Amiyah,Cannon ,34.0,Europe,spaces,14.0,no
106,Ace,Molina ,32.0,Oceania,spaces,12.0,no
107,Spencer,Morgan ,34.0,North America,tabs,7.0,yes
108,Felicity,Khan ,32.0,Europe,spaces,14.0,no
109,Kira,Skinner ,38.0,North America,tabs,6.0,no
110,Lucille,Lamb ,39.0,South America,tabs,8.0,yes
111,Teagan,Camacho ,39.0,North America,tabs,6.0,yes
112,River,Hartman ,35.0,Oceania,spaces,16.0,no
113,Madelynn,Fuentes ,30.0,North America,tabs,7.0,yes
114,Fatima,Kelly ,38.0,Europe,spaces,18.0,no
115,Hendrix,Lane ,33.0,Oceania,spaces,16.0,no
116,Kayleigh,Keith ,37.0,Africa,spaces,17.0,no
117,Juan,Browning ,36.0,Europe,spaces,15.0,no
118,Fernando,Salgado ,39.0,Africa,spaces,16.0,no
119,Isabella,Everett ,27.0,South America,tabs,7.0,yes
120,Samuel,Mathews ,39.0,North America,tabs,5.0,yes
121,Luna,Frost ,42.0,North America,tabs,5.0,yes
122,Emory,Ellis ,39.0,North America,tabs,5.0,no
123,Henry,Russell ,41.0,North America,tabs,9.0,no
124,Omari,Houston ,35.0,Europe,spaces,12.0,no
125,Mckenna,Chan ,36.0,North America,tabs,8.0,no
126,Summer,Alexander ,41.0,Europe,spaces,19.0,yes
127,Nathan,Buck ,28.0,Oceania,spaces,18.0,no
128,Olive,Madden ,37.0,South America,tabs,8.0,yes
129,Lyric,Roy ,32.0,South America,tabs,7.0,yes
130,Iker,Sims ,37.0,North America,tabs,6.0,yes
131,Nadia,Molina ,37.0,Europe,spaces,18.0,no
132,Octavia,Dorsey ,30.0,Africa,spaces,17.0,no
133,Wyatt,Hobbs ,36.0,North America,tabs,6.0,yes
134,Roman,Duarte ,36.0,North America,tabs,5.0,no
135,Josue,Rasmussen ,29.0,North America,tabs,8.0,no
136,Cash,Durham ,42.0,North America,tabs,8.0,no
137,Jared,Galindo ,30.0,South America,tabs,8.0,no
138,Olive,Chen ,35.0,North America,tabs,9.0,yes
139,Gia,Padilla ,42.0,Asia,spaces,15.0,no
140,Jade,White ,35.0,South America,spaces,17.0,no
141,Selena,Hurley ,32.0,Asia,spaces,16.0,no
142,Remi,Bradshaw ,41.0,Europe,spaces,20.0,yes
143,Stephen,Johnston ,39.0,South America,spaces,16.0,no
144,Maximus,Graves ,38.0,Asia,spaces,18.0,no
145,Sage,Clay ,36.0,North America,tabs,6.0,yes
146,Tyler,Leon ,34.0,South America,tabs,5.0,no
147,Reagan,Carrillo ,24.0,North America,tabs,10.0,no
148,Jaiden,Cherry ,35.0,North America,tabs,10.0,yes
149,Rhys,Hopkins ,31.0,Africa,spaces,16.0,no
150,King,Beltran ,30.0,North America,tabs,7.0,no
151,Dior,Harrell ,39.0,Oceania,spaces,15.0,no
152,Valerie,Foley ,30.0,North America,tabs,9.0,no
153,Josephine,Bradley ,34.0,South America,spaces,16.0,no
154,Gracie,Mendez ,27.0,North America,tabs,8.0,yes
155,Demi,Singh ,38.0,South America,spaces,14.0,no
156,Miguel,Lamb ,36.0,Asia,spaces,12.0,no
157,Angel,Jenkins ,32.0,Oceania,spaces,17.0,no
158,Joshua,Sandoval ,39.0,Asia,spaces,17.0,no
159,Hunter,Allen ,39.0,North America,tabs,7.0,no
160,Nathaniel,Mccoy ,33.0,North America,tabs,8.0,no
161,Madison,Aguilar ,33.0,North America,tabs,9.0,no
162,Mckenzie,Briggs ,40.0,South America,spaces,17.0,yes
163,Rylan,Stephenson ,37.0,Oceania,spaces,15.0,no
164,Karson,Hamilton ,33.0,South America,tabs,10.0,no
165,Eleanor,Orr ,43.0,South America,tabs,9.0,yes
166,Jessica,Browning ,48.0,North America,tabs,6.0,yes
167,Ellis,Lane ,36.0,North America,tabs,6.0,yes
168,Memphis,Soto ,43.0,Asia,spaces,14.0,no
169,Levi,Turner ,30.0,North America,tabs,7.0,yes
170,Genesis,Parker ,45.0,Europe,spaces,19.0,yes
171,Kason,Williamson ,46.0,Africa,spaces,14.0,no
172,Brooks,Mcmahon ,40.0,South America,tabs,6.0,no
173,Brielle,Mendoza ,38.0,North America,tabs,10.0,yes
174,Paul,Meadows ,36.0,Europe,spaces,16.0,no
175,Averie,Swanson ,32.0,North America,tabs,5.0,yes
176,Kenzie,Wilkerson ,40.0,North America,tabs,6.0,yes
177,Amy,Newman ,35.0,North America,tabs,5.0,yes
178,Julia,Elliott ,33.0,North America,tabs,6.0,no
179,Brooklyn,Villegas ,38.0,Europe,spaces,14.0,no
180,Emmanuel,Barber ,36.0,Oceania,spaces,14.0,no
181,Lyric,Barr ,38.0,Oceania,spaces,15.0,no
182,Lucille,Middleton ,41.0,North America,tabs,9.0,no
183,Lilith,Meza ,32.0,North America,tabs,9.0,no
184,Felix,Miranda ,46.0,Europe,spaces,13.0,no
185,Thiago,Sparks ,38.0,North America,tabs,9.0,yes
186,Leonidas,Molina ,34.0,South America,tabs,5.0,no
187,Hadley,Hammond ,27.0,North America,tabs,8.0,no
188,Manuel,Lu ,40.0,Asia,spaces,17.0,no
189,Camille,Case ,32.0,Oceania,spaces,18.0,no
190,Myles,Melton ,39.0,Europe,spaces,15.0,no
191,Nathaniel,Moreno ,35.0,Europe,spaces,16.0,no
192,Piper,Wilkinson ,31.0,North America,tabs,10.0,yes
193,Felix,Lambert ,33.0,North America,tabs,6.0,no
194,Ruben,Sutton ,36.0,North America,tabs,9.0,yes
195,Kinley,Roach ,35.0,Europe,spaces,18.0,no
196,Summer,Ellis ,42.0,South America,tabs,7.0,yes
197,Amari,Hawkins ,29.0,North America,tabs,7.0,yes
198,Emory,Patton ,41.0,South America,tabs,6.0,no
199,Charlotte,Quinn ,29.0,South America,tabs,10.0,yes
200,Jackson,Rice ,38.0,Europe,spaces,15.0,no
201,Kamden,Huynh ,28.0,South America,tabs,5.0,no
202,Paige,Strong ,33.0,South America,tabs,8.0,no
203,Jordyn,Lane ,40.0,North America,tabs,10.0,no
204,Marcos,Simpson ,33.0,North America,tabs,9.0,no
205,Maximus,Foster ,41.0,South America,spaces,18.0,no
206,Weston,Johnston ,36.0,South America,tabs,8.0,no
207,Maeve,Baxter ,34.0,North America,tabs,9.0,yes
208,Caiden,Magana ,38.0,South America,tabs,7.0,yes
209,Remington,Ray ,40.0,North America,tabs,5.0,yes
210,Kamari,Becker ,40.0,South America,tabs,6.0,yes
211,Arabella,Pruitt ,39.0,Africa,spaces,17.0,no
212,Julian,Singh ,42.0,North America,tabs,5.0,yes
213,Tyler,Donaldson ,38.0,Europe,spaces,15.0,no
214,Ana,Owen ,48.0,Asia,spaces,17.0,no
215,Shawn,Ramirez ,36.0,North America,tabs,6.0,no
216,Nash,Sweeney ,42.0,North America,tabs,9.0,yes
217,Brianna,Hayden ,36.0,North America,tabs,5.0,no
218,Kylo,Daugherty ,34.0,Asia,spaces,18.0,no
219,Ariyah,Foley ,34.0,North America,tabs,8.0,no
220,Shiloh,Col¢n ,36.0,Europe,spaces,16.0,no
221,Lincoln,Blake ,35.0,South America,tabs,10.0,no
222,Thomas,Stephens ,41.0,South America,spaces,19.0,yes
223,Aubree,West ,29.0,North America,tabs,8.0,no
224,Sara,Vaughn ,46.0,Africa,spaces,18.0,no
225,Stella,Strickland ,37.0,North America,tabs,8.0,yes
226,Parker,Mata ,47.0,South America,tabs,5.0,no
227,Leighton,Bruce ,42.0,North America,tabs,9.0,no
228,Everly,Ponce ,34.0,Asia,spaces,18.0,no
229,Paislee,Patton ,39.0,Africa,spaces,15.0,no
230,Dakota,Santiago ,37.0,Oceania,spaces,16.0,no
231,Finnegan,Watson ,30.0,Oceania,spaces,18.0,no
232,Genesis,David ,33.0,North America,tabs,9.0,yes
233,Ada,Leal ,37.0,North America,tabs,7.0,yes
234,Abigail,Jefferson ,42.0,Europe,spaces,18.0,no
235,Ella,Cervantes ,41.0,North America,tabs,6.0,yes
236,Quinn,Lyons ,43.0,Africa,spaces,15.0,no
237,Archie,Arellano ,29.0,South America,tabs,5.0,yes
238,Joshua,Stuart ,35.0,North America,tabs,7.0,no
239,Jensen,Keith ,42.0,South America,tabs,8.0,yes
240,Isaiah,Lyons ,33.0,Europe,spaces,17.0,no
241,Taylor,Gaines ,35.0,Europe,spaces,18.0,no
242,Abel,Vaughan ,38.0,North America,tabs,6.0,no
243,Avianna,Booker ,37.0,Oceania,spaces,14.0,no
244,Kensley,Cross ,35.0,Europe,spaces,15.0,no
245,Isabel,Lewis ,37.0,North America,tabs,9.0,no
246,Raegan,Richmond ,37.0,North America,tabs,8.0,no
247,Cecilia,Beck ,33.0,North America,tabs,9.0,no
248,Reid,White ,42.0,North America,tabs,8.0,no
249,Chloe,Pham ,43.0,North America,tabs,8.0,no
250,Grace,Hodges ,41.0,North America,tabs,10.0,yes
251,Jaxson,Shaffer ,42.0,Europe,spaces,14.0,no
252,Travis,Howe ,33.0,Europe,spaces,15.0,no
253,Vincent,Rodgers ,27.0,South America,tabs,6.0,yes
254,Hunter,Brock ,34.0,North America,tabs,7.0,yes
255,Elle,Perry ,48.0,Europe,spaces,14.0,no
256,Killian,Aguilar ,30.0,Africa,spaces,17.0,no
257,Kalani,Villanueva ,31.0,North America,tabs,5.0,yes
258,Ian,Gould ,25.0,North America,tabs,7.0,no
259,Leon,Fitzgerald ,31.0,Oceania,spaces,17.0,no
260,Logan,Thompson ,42.0,Asia,spaces,17.0,no
261,Paris,Jenkins ,39.0,North America,tabs,9.0,yes
262,Kayla,Mccall ,32.0,Oceania,spaces,16.0,no
263,Cayden,Owens ,39.0,South America,spaces,14.0,no
264,Leia,David ,36.0,North America,tabs,5.0,no
265,Derek,Lara ,34.0,South America,spaces,17.0,no
266,Ayla,Chase ,38.0,North America,tabs,10.0,yes
267,Esteban,Vu ,45.0,Europe,spaces,15.0,no
268,Isabelle,Reed ,38.0,North America,tabs,6.0,no
269,Quinn,Buckley ,35.0,Europe,spaces,16.0,no
270,Delaney,Espinosa ,37.0,North America,tabs,8.0,yes
271,Cyrus,Santiago ,29.0,Asia,spaces,16.0,no
272,Alejandro,Washington ,27.0,North America,tabs,5.0,no
273,Ella,Wolfe ,39.0,South America,tabs,8.0,no
274,Cassius,Lowery ,41.0,Asia,spaces,17.0,no
275,Henry,Estrada ,29.0,South America,spaces,12.0,no
276,Messiah,Stephenson ,27.0,North America,tabs,9.0,no
277,Tristan,Haley ,33.0,Europe,spaces,17.0,no
278,Jose,Maddox ,34.0,Africa,spaces,18.0,no
279,Noel,Green ,34.0,Europe,spaces,17.0,no
280,Andy,Beltran ,34.0,Europe,spaces,18.0,no
281,Angelo,Paul ,35.0,Africa,spaces,16.0,no
282,Malani,Poole ,34.0,North America,tabs,10.0,no
283,Hadley,Mendoza ,29.0,Asia,spaces,16.0,no
284,Hayden,Stafford ,36.0,North America,tabs,9.0,yes
285,Joshua,Holmes ,36.0,Asia,spaces,18.0,no
286,Knox,Leon ,42.0,North America,tabs,6.0,yes
287,Diana,Sampson ,34.0,North America,tabs,6.0,yes
288,Mabel,Beil ,39.0,North America,tabs,5.0,no
289,Messiah,Foley ,34.0,North America,tabs,8.0,no
290,Hallie,Bullock ,34.0,Asia,spaces,13.0,no
291,Elise,Bean ,34.0,Africa,spaces,17.0,no
292,Thomas,Sanford ,38.0,Europe,spaces,14.0,no
293,Aziel,Walters ,38.0,Europe,spaces,16.0,no
294,Harper,Hall ,40.0,Oceania,spaces,16.0,no
295,Cassidy,Evans ,39.0,Asia,spaces,14.0,no
296,Stetson,Flores ,33.0,North America,tabs,10.0,yes
297,Audrey,Lugo ,36.0,North America,tabs,7.0,yes
298,Jackson,Hoover ,39.0,North America,tabs,7.0,yes
299,Gracelynn,Vargas ,34.0,North America,tabs,7.0,yes
300,Brooklynn,Cohen ,39.0,North America,tabs,6.0,no
301,Ezra,Cortz ,32.0,North America,tabs,10.0,yes
302,Sean,Nielsen ,22.0,Asia,spaces,16.0,no
303,Landon,Walton ,31.0,Africa,spaces,16.0,no
304,Joanna,Pollard ,37.0,North America,tabs,7.0,no
305,Zane,Archer ,31.0,South America,tabs,9.0,no
306,Ismael,Guzman ,36.0,North America,tabs,9.0,yes
307,Zachary,Cuevas ,36.0,South America,spaces,13.0,no
308,Legacy,Collier ,37.0,Asia,spaces,18.0,no
309,Brian,Page ,30.0,North America,tabs,7.0,yes
310,Eliza,Howard ,43.0,North America,tabs,6.0,no
311,Ruby,Benton ,34.0,Africa,spaces,13.0,no
312,Evelynn,Beck ,38.0,North America,tabs,8.0,yes
313,Andrew,Gonzales ,37.0,North America,tabs,7.0,yes
314,Steven,Guerrero ,33.0,North America,tabs,5.0,yes
315,Maren,Howard ,31.0,North America,tabs,6.0,yes
316,Tyler,Middleton ,39.0,Africa,spaces,16.0,no
317,Sarah,Day ,38.0,North America,tabs,7.0,no
318,Gia,Koch ,40.0,North America,tabs,8.0,no
319,Demi,Little ,44.0,North America,tabs,10.0,no
320,Desmond,Marsh ,36.0,North America,tabs,10.0,yes
321,Cristian,Reynolds ,37.0,North America,tabs,7.0,yes
322,Jameson,Sanford ,32.0,Oceania,spaces,18.0,no
323,Kaylee,Jones ,43.0,North America,tabs,5.0,no
324,Jaden,Anthony ,38.0,Europe,spaces,16.0,no
325,Josiah,Waller ,28.0,North America,tabs,8.0,yes
326,Charlie,Mays ,31.0,South America,tabs,5.0,yes
327,Timothy,Weaver ,32.0,North America,tabs,7.0,yes
328,Jesse,Maldonado ,46.0,Europe,spaces,14.0,no
329,Samara,Case ,42.0,South America,tabs,7.0,no
330,Samuel,Dominguez ,34.0,North America,tabs,9.0,no
331,Brynn,Khan ,26.0,Europe,spaces,18.0,no
332,Nathan,Gentry ,26.0,Europe,spaces,17.0,no
333,Cesar,Carrillo ,31.0,South America,spaces,17.0,no
334,Blakely,Goodwin ,30.0,North America,tabs,10.0,no
335,Grayson,Davila ,34.0,South America,tabs,8.0,no
336,Juniper,Brady ,41.0,Europe,spaces,16.0,no
337,Orion,Trevino ,40.0,Europe,spaces,15.0,no
338,Kendall,Ballard ,38.0,Asia,spaces,11.0,no
339,Kyle,Lynn ,30.0,South America,tabs,9.0,yes
340,Annabelle,Osborne ,35.0,Oceania,spaces,15.0,no
341,Scarlet,Tanner ,34.0,North America,tabs,6.0,yes
342,Jett,Ayala ,38.0,South America,tabs,5.0,yes
343,Ruth,Hutchinson ,39.0,South America,tabs,6.0,no
344,Kamari,Kelley ,35.0,Africa,spaces,14.0,no
345,Carolina,Sharp ,35.0,North America,tabs,8.0,yes
346,Bryan,Jennings ,39.0,North America,tabs,7.0,yes
347,Annabelle,Griffin ,34.0,North America,tabs,6.0,no
348,Lydia,Decker ,43.0,South America,tabs,8.0,no
349,Juliet,Ponce ,33.0,North America,tabs,8.0,no
350,Gianna,Elliott ,30.0,North America,tabs,8.0,yes
351,Tucker,Foley ,43.0,Europe,spaces,14.0,no
352,Alessandra,Christensen ,33.0,North America,tabs,7.0,yes
353,Ari,Valdez ,29.0,North America,tabs,7.0,yes
354,Alexandria,Trujillo ,33.0,Europe,spaces,17.0,no
355,Annalise,Bowen ,29.0,Asia,spaces,14.0,no
356,Aspen,Lamb ,46.0,South America,spaces,15.0,no
357,Sean,Warren ,35.0,Oceania,spaces,12.0,no
358,Angela,Myers ,38.0,North America,tabs,7.0,yes
359,Leo,Lowe ,31.0,Oceania,spaces,17.0,no
360,Peter,Washington ,38.0,North America,tabs,5.0,no
361,Caiden,Neal ,34.0,Oceania,spaces,16.0,no
362,Madison,Mccormick ,38.0,North America,tabs,8.0,no
363,Ella,Wells ,46.0,Europe,spaces,14.0,no
364,Kaylani,Blake ,32.0,Africa,spaces,17.0,no
365,Ryan,Hill ,43.0,North America,tabs,8.0,yes
366,Skyler,Sexton ,34.0,North America,tabs,5.0,yes
367,Ainsley,Ramsey ,45.0,Asia,spaces,17.0,no
368,Catherine,Alexander ,39.0,Europe,spaces,15.0,no
369,Amelia,Guerrero ,31.0,North America,tabs,7.0,yes
370,Harley,Alvarez ,33.0,Europe,spaces,15.0,no
371,Fabian,Howe ,30.0,North America,tabs,5.0,no
372,Harrison,Miles ,38.0,Africa,spaces,17.0,no
373,Alexander,Jennings ,38.0,North America,tabs,8.0,no
374,Ronin,Bean ,35.0,North America,tabs,9.0,yes
375,Isabel,Rosario ,32.0,North America,tabs,5.0,no
376,Remington,Mejia ,37.0,Africa,spaces,16.0,no
377,Izabella,Daniels ,38.0,Europe,spaces,15.0,no
378,Jaiden,David ,23.0,North America,tabs,8.0,no
379,Tucker,Garcia ,40.0,North America,tabs,9.0,yes
380,Hayes,Ponce ,35.0,Africa,spaces,19.0,yes
381,Francis,Luna ,38.0,Oceania,spaces,21.0,yes
382,Antonio,Vang ,37.0,South America,tabs,7.0,yes
383,Georgia,Hamilton ,35.0,South America,spaces,16.0,no
384,Kimberly,Molina ,36.0,South America,tabs,5.0,yes
385,Keegan,Mcbride ,31.0,Europe,spaces,19.0,yes
386,Chance,Wade ,39.0,Europe,spaces,14.0,no
387,Asher,Baldwin ,34.0,North America,tabs,7.0,no
388,River,Harvey ,37.0,Asia,spaces,20.0,yes
389,Lukas,Farley ,35.0,Oceania,spaces,20.0,yes
390,Ruth,Keller ,32.0,North America,tabs,9.0,yes
391,Dalton,Tyler ,34.0,South America,tabs,7.0,no
392,Parker,Lawrence ,36.0,South America,tabs,8.0,no
393,Aiden,Gates ,38.0,North America,tabs,8.0,no
394,Charles,Ayala ,35.0,North America,tabs,8.0,yes
395,Serenity,King ,29.0,Asia,spaces,18.0,no
396,Kaleb,Flores ,40.0,North America,tabs,6.0,no
397,Paul,Dillon ,35.0,Africa,spaces,17.0,no
398,Vincent,Watkins ,42.0,North America,tabs,9.0,yes
399,Grayson,Fisher ,36.0,Europe,spaces,16.0,no
400,Francis,Franco ,41.0,Europe,spaces,14.0,no
401,Aniyah,Jordan ,41.0,North America,tabs,7.0,yes
402,Eduardo,Green ,29.0,Europe,spaces,17.0,no
403,Avianna,Rosario ,28.0,North America,tabs,7.0,yes
404,Jackson,Murphy ,38.0,Africa,spaces,15.0,no
405,Amiyah,Allison ,35.0,South America,tabs,6.0,no
406,Harley,Pace ,37.0,South America,tabs,9.0,no
407,Leona,Cross ,40.0,Asia,spaces,15.0,no
408,Harley,Mccall ,46.0,Africa,spaces,17.0,no
409,Liana,Acevedo ,45.0,South America,tabs,9.0,no
410,Aaron,Wang ,40.0,Africa,spaces,16.0,no
411,Joy,Trujillo ,32.0,South America,tabs,10.0,no
412,Killian,Garrison ,32.0,Europe,spaces,17.0,no
413,Ellie,Kennedy ,36.0,North America,tabs,10.0,yes
414,Octavia,Todd ,30.0,Oceania,spaces,18.0,no
415,Thea,Barton ,26.0,North America,tabs,7.0,yes
416,Kevin,Zhang ,37.0,Africa,spaces,15.0,no
417,Iker,Johnston ,31.0,South America,spaces,20.0,yes
418,Leo,Payne ,48.0,North America,tabs,7.0,no
419,Annie,Green ,33.0,Asia,spaces,17.0,no
420,Donovan,Monroe ,39.0,South America,tabs,8.0,yes
421,Chloe,Bates ,42.0,Oceania,spaces,15.0,no
422,Camila,Parsons ,27.0,Africa,spaces,12.0,no
423,Eliza,Romero ,35.0,South America,tabs,6.0,no
424,Damian,Enriquez ,36.0,North America,tabs,9.0,no
425,Dylan,Palacios ,34.0,Asia,spaces,18.0,no
426,Eduardo,Barker ,38.0,North America,tabs,8.0,yes
427,Isabel,Bradley ,26.0,Europe,spaces,15.0,no
428,Juliet,Mccormick ,40.0,Oceania,spaces,17.0,no
429,Mario,George ,36.0,North America,tabs,6.0,yes
430,Allison,O?Connor ,36.0,North America,tabs,7.0,no
431,Henry,Cabrera ,32.0,North America,tabs,8.0,no
432,Nylah,Newman ,38.0,Europe,spaces,16.0,no
433,John,Moody ,45.0,North America,tabs,9.0,yes
434,Brooklynn,Vasquez ,32.0,North America,tabs,6.0,no
435,Greyson,Nixon ,33.0,North America,tabs,10.0,no
436,Hattie,Merritt ,33.0,South America,tabs,8.0,yes
437,Maci,Santana ,33.0,South America,tabs,7.0,yes
438,Brinley,Cunningham ,35.0,South America,tabs,7.0,yes
439,Brody,Wise ,29.0,North America,tabs,6.0,yes
440,Eden,Maynard ,32.0,Europe,spaces,14.0,no
441,Kyla,Dominguez ,37.0,Europe,spaces,15.0,no
442,Sterling,Figueroa ,38.0,Europe,spaces,16.0,no
443,Isaiah,Matthews ,35.0,Europe,spaces,16.0,no
444,Journey,Person ,35.0,Africa,spaces,18.0,no
445,Nina,Martin ,39.0,North America,tabs,6.0,yes
446,Andre,Perkins ,38.0,Oceania,spaces,13.0,no
447,Amiyah,Whitney ,29.0,North America,tabs,6.0,yes
448,Iris,Wood ,38.0,Asia,spaces,18.0,no
449,Paris,Hicks ,40.0,Asia,spaces,13.0,no
450,Allison,Davidson ,44.0,North America,tabs,6.0,no
451,Jace,Shepard ,37.0,Europe,spaces,17.0,no
452,Miles,Larson ,32.0,North America,tabs,8.0,no
453,Ariel,Mack ,44.0,Europe,spaces,13.0,no
454,Annabelle,Houston ,44.0,South America,spaces,15.0,no
455,Chase,Moon ,35.0,North America,tabs,9.0,yes
456,Eli,Kent ,47.0,Asia,spaces,17.0,no
457,Clayton,O?Connor ,41.0,North America,tabs,7.0,yes
458,Hannah,Cannon ,33.0,Europe,spaces,15.0,no
459,Harley,Morton ,29.0,North America,tabs,6.0,no
460,Lucas,Costa ,34.0,North America,tabs,9.0,no
461,Chloe,Sheppard ,30.0,South America,tabs,9.0,yes
462,Gage,Rollins ,42.0,South America,tabs,6.0,yes
463,Julius,Barnes ,45.0,South America,tabs,6.0,no
464,Jayla,Richmond ,42.0,North America,tabs,10.0,no
465,Kinsley,Burke ,41.0,South America,tabs,9.0,yes
466,Liliana,Mcintosh ,36.0,Oceania,spaces,18.0,no
467,Kayleigh,Wright ,34.0,North America,tabs,6.0,no
468,Ace,Schaefer ,36.0,Asia,spaces,16.0,no
469,Liliana,Love ,37.0,North America,tabs,10.0,no
470,Franklin,Castaneda ,40.0,Oceania,spaces,15.0,no
471,Angel,Murillo ,33.0,South America,tabs,8.0,yes
472,Ember,Rivera ,30.0,Europe,spaces,17.0,no
473,Caiden,Atkinson ,31.0,North America,tabs,5.0,no
474,Sydney,Pope ,39.0,North America,tabs,8.0,yes
475,Jaxton,Lopez ,41.0,North America,tabs,5.0,no
476,Alejandro,Weeks ,43.0,North America,tabs,8.0,yes
477,Octavia,Schwartz ,35.0,South America,tabs,6.0,no
478,Ivy,Shah ,31.0,North America,tabs,8.0,yes
479,Kaylee,Conner ,48.0,Oceania,spaces,17.0,no
480,Kaiden,Gill ,39.0,North America,tabs,5.0,no
481,Karter,Bradford ,34.0,North America,tabs,9.0,yes
482,Camilla,Trujillo ,39.0,South America,tabs,6.0,no
483,Kyler,Roberson ,33.0,South America,tabs,8.0,no
484,Emmanuel,Peters ,35.0,North America,tabs,9.0,no
485,Rachel,Palmer ,36.0,Europe,spaces,17.0,no
486,Nicole,Andrews ,33.0,North America,tabs,8.0,yes
487,Natalie,Patel ,43.0,North America,tabs,5.0,no
488,Maliyah,O?Neal ,34.0,North America,tabs,9.0,no
489,Kolton,Lin ,41.0,Europe,spaces,17.0,no
490,Charlie,Houston ,29.0,Europe,spaces,18.0,no
491,Gabriella,Mosley ,45.0,North America,tabs,9.0,no
492,Raven,Alvarado ,30.0,Europe,spaces,17.0,no
493,Ava,Ashley ,35.0,North America,tabs,9.0,no
494,Penelope,Mccall ,40.0,North America,tabs,8.0,no
495,Karson,Sweeney ,35.0,North America,tabs,9.0,yes
496,Arya,Gray ,42.0,North America,tabs,7.0,no
497,Bailey,Gill ,44.0,Europe,spaces,21.0,yes
498,Kameron,Bowen ,40.0,Asia,spaces,16.0,no
499,Alexander,Pratt ,31.0,North America,tabs,10.0,yes
500,Remy,Tyler ,32.0,Oceania,spaces,19.0,yes
501,Hayden,Todd ,34.0,Oceania,spaces,16.0,no
502,Brianna,Diaz ,33.0,North America,tabs,5.0,no
503,Kenneth,Chan ,36.0,Oceania,spaces,15.0,no
504,Evie,Melton ,33.0,North America,tabs,9.0,yes
505,Tobias,Lawson ,34.0,North America,tabs,6.0,yes
506,Kylo,Ayala ,31.0,Africa,spaces,15.0,no
507,Lilly,Farrell ,35.0,Asia,spaces,16.0,no
508,Lauren,York ,32.0,North America,tabs,5.0,yes
509,Zane,Spence ,41.0,North America,tabs,5.0,yes
510,Everett,Morris ,39.0,Europe,spaces,16.0,no
511,Alaya,Evans ,27.0,South America,tabs,6.0,no
512,Abigail,Kirk ,26.0,North America,tabs,9.0,no
513,Leonidas,Schmidt ,33.0,Europe,spaces,18.0,no
514,Prince,Osborne ,42.0,South America,tabs,9.0,no
515,Killian,Ayers ,33.0,North America,tabs,8.0,no
516,Iker,Lowery ,37.0,North America,tabs,8.0,no
517,River,Chapman ,39.0,North America,tabs,10.0,no
518,Everett,Preston ,34.0,Oceania,spaces,13.0,no
519,Reese,Gibson ,36.0,South America,tabs,10.0,yes
520,Johnny,Baldwin ,32.0,Europe,spaces,20.0,yes
521,Brianna,Atkinson ,40.0,North America,tabs,6.0,yes
522,Mckenna,Welch ,45.0,South America,tabs,7.0,yes
523,Wren,Miranda ,32.0,Oceania,spaces,16.0,no
524,Wesley,Huffman ,35.0,Europe,spaces,20.0,yes
525,Angelo,Garner ,33.0,Oceania,spaces,18.0,no
526,Blair,Bentley ,34.0,Europe,spaces,15.0,no
527,Raymond,Ortiz ,37.0,Asia,spaces,17.0,no
528,Kamryn,Wilcox ,32.0,North America,tabs,6.0,yes
529,Scarlett,Patel ,38.0,North America,tabs,5.0,yes
530,Annalise,Bowers ,29.0,South America,tabs,6.0,yes
531,Shiloh,Lyons ,41.0,North America,tabs,6.0,no
532,Raven,Rangel ,31.0,Europe,spaces,16.0,no
533,Miriam,Owens ,35.0,Europe,spaces,14.0,no
534,Julia,Carrillo ,32.0,Europe,spaces,15.0,no
535,Margot,Bowen ,27.0,North America,tabs,9.0,no
536,Josephine,Frederick ,36.0,North America,tabs,9.0,yes
537,Leighton,Sawyer ,42.0,North America,tabs,6.0,no
538,Madelynn,Buchanan ,42.0,North America,tabs,8.0,yes
539,Sawyer,Phillips ,33.0,North America,tabs,6.0,no
540,Bradley,Hunter ,33.0,North America,tabs,8.0,no
541,Leighton,Grimes ,37.0,South America,tabs,9.0,yes
542,Jace,Dixon ,33.0,North America,tabs,6.0,yes
543,Adalynn,Chase ,36.0,North America,tabs,7.0,no
544,Ezequiel,Cohen ,44.0,Europe,spaces,16.0,no
545,Cohen,Weber ,30.0,Asia,spaces,18.0,no
546,Adalyn,Dickson ,41.0,South America,tabs,9.0,yes
547,Lana,Watkins ,34.0,South America,spaces,18.0,no
548,Kasen,Leach ,23.0,Asia,spaces,19.0,yes
549,Kora,Stephens ,31.0,South America,spaces,13.0,no
550,Sean,Glover ,27.0,North America,tabs,6.0,yes
551,Lukas,Davila ,42.0,Africa,spaces,16.0,no
552,Genevieve,Ali ,43.0,Asia,spaces,18.0,no
553,Miguel,Branch ,32.0,Europe,spaces,15.0,no
554,Julianna,Barry ,37.0,North America,tabs,6.0,yes
555,Camila,Barker ,36.0,Asia,spaces,15.0,no
556,Alice,Kemp ,34.0,North America,tabs,6.0,yes
557,Nico,Lozano ,42.0,Asia,spaces,17.0,no
558,Santiago,Anthony ,29.0,Oceania,spaces,16.0,no
559,Londyn,Barron ,32.0,South America,tabs,5.0,no
560,Ibrahim,Vincent ,31.0,Europe,spaces,16.0,no
561,Beckett,Hurst ,33.0,Europe,spaces,17.0,no
562,Lainey,Harrell ,33.0,Europe,spaces,17.0,no
563,Demi,Wiggins ,32.0,Africa,spaces,15.0,no
564,Jared,Potter ,39.0,Europe,spaces,18.0,no
565,Luke,Sosa ,35.0,North America,tabs,9.0,yes
566,Astrid,Gallegos ,40.0,North America,tabs,6.0,yes
567,Zane,Kennedy ,43.0,Oceania,spaces,19.0,yes
568,Julia,Chase ,35.0,South America,tabs,7.0,yes
569,Enzo,Morrison ,28.0,Europe,spaces,18.0,no
570,Amir,Parks ,34.0,Oceania,spaces,18.0,no
571,Heidi,Humphrey ,46.0,Africa,spaces,15.0,no
572,Armani,Hendrix ,31.0,North America,tabs,6.0,yes
573,Cataleya,Prince ,35.0,North America,tabs,7.0,yes
574,Kyler,Sanchez ,35.0,Europe,spaces,13.0,no
575,Kai,Bryant ,34.0,Asia,spaces,15.0,no
576,Crew,Miranda ,31.0,South America,tabs,6.0,no
577,Avianna,Walter ,29.0,Asia,spaces,21.0,yes
578,Molly,Ballard ,38.0,South America,tabs,10.0,yes
579,Rafael,Vega ,37.0,North America,tabs,6.0,no
580,Aubree,Nichols ,34.0,Asia,spaces,13.0,no
581,Harrison,Kane ,34.0,Asia,spaces,14.0,no
582,Nico,Hurst ,37.0,North America,tabs,8.0,yes
583,Cesar,Nava ,38.0,Europe,spaces,12.0,no
584,Josephine,Cox ,49.0,North America,tabs,5.0,yes
585,Enzo,Ward ,35.0,Europe,spaces,14.0,no
586,Hayden,Davidson ,26.0,North America,tabs,7.0,yes
587,Remington,Andrews ,36.0,South America,tabs,5.0,no
588,Everleigh,Doyle ,33.0,North America,tabs,8.0,yes
589,Mariana,Bates ,37.0,North America,tabs,7.0,yes
590,Colin,Crane ,29.0,South America,tabs,5.0,no
591,Malani,Hodges ,32.0,North America,tabs,9.0,no
592,Niko,Grant ,35.0,North America,tabs,8.0,no
593,Alina,Soto ,35.0,South America,tabs,8.0,yes
594,Vivian,Austin ,30.0,North America,tabs,6.0,yes
595,Carter,Fox ,31.0,Europe,spaces,18.0,no
596,Jane,Knapp ,32.0,Asia,spaces,17.0,no
597,Kinley,Christensen ,35.0,North America,tabs,7.0,no
598,Myla,Rose ,44.0,South America,tabs,9.0,no
599,Aliyah,Neal ,41.0,North America,tabs,8.0,no
600,Walter,Blanchard ,33.0,South America,tabs,9.0,no
601,Sophie,Ball ,48.0,North America,tabs,8.0,no
602,Holden,Williams ,26.0,Africa,spaces,14.0,no
603,Kyle,Galvan ,35.0,South America,tabs,10.0,yes
604,Chloe,Floyd ,32.0,Europe,spaces,17.0,no
605,Santiago,Silva ,38.0,North America,tabs,6.0,yes
606,Felix,Andrade ,42.0,North America,tabs,7.0,yes
607,Richard,Clements ,46.0,North America,tabs,7.0,no
608,Rylee,King ,36.0,Europe,spaces,16.0,no
609,Brianna,Villarreal ,25.0,North America,tabs,9.0,yes
610,Jace,Hahn ,44.0,Oceania,spaces,15.0,no
611,Bennett,Sellers ,39.0,Asia,spaces,17.0,no
612,Nehemiah,Adkins ,34.0,Europe,spaces,20.0,yes
613,Lennon,Duncan ,37.0,Europe,spaces,17.0,no
614,Kenzie,Church ,36.0,North America,tabs,6.0,yes
615,Colin,Solis ,45.0,Africa,spaces,16.0,no
616,Ethan,Aguilar ,44.0,South America,tabs,7.0,yes
617,Ronan,Gonzalez ,36.0,North America,tabs,6.0,yes
618,Angel,Waters ,41.0,North America,tabs,7.0,yes
619,Mira,Moran ,34.0,Europe,spaces,16.0,no
620,Nyla,Nixon ,41.0,North America,tabs,7.0,yes
621,Sutton,Avery ,39.0,Europe,spaces,13.0,no
622,Cameron,Gill ,37.0,North America,tabs,5.0,no
623,Adonis,Duarte ,42.0,North America,tabs,9.0,yes
624,Jacob,Barnett ,40.0,Asia,spaces,13.0,no
625,Harper,Tran ,39.0,North America,tabs,6.0,yes
626,Ava,Blair ,38.0,Asia,spaces,17.0,no
627,Hudson,Ryan ,33.0,Oceania,spaces,18.0,no
628,Finley,Jones ,28.0,North America,tabs,6.0,no
629,Elizabeth,Phillips ,45.0,Asia,spaces,13.0,no
630,Kashton,Cherry ,30.0,North America,tabs,8.0,no
631,Fatima,Buck ,35.0,North America,tabs,9.0,no
632,Quinn,Malone ,26.0,North America,tabs,8.0,no
633,Zoey,Vargas ,36.0,South America,tabs,10.0,yes
634,Charlee,Maxwell ,37.0,South America,tabs,7.0,no
635,Zayne,Espinosa ,38.0,South America,tabs,10.0,yes
636,Rosemary,Vargas ,43.0,South America,tabs,6.0,no
637,Griffin,Townsend ,31.0,Africa,spaces,13.0,no
638,Tatum,Kim ,39.0,Europe,spaces,15.0,no
639,Wren,Austin ,37.0,North America,tabs,10.0,yes
640,Myles,Blake ,37.0,North America,tabs,5.0,no
641,Jennifer,Mercado ,38.0,North America,tabs,8.0,no
642,Esmeralda,Livingston ,35.0,North America,tabs,9.0,yes
643,Amir,Hobbs ,40.0,North America,tabs,6.0,yes
644,Alice,Molina ,39.0,North America,tabs,6.0,no
645,Alyssa,Avalos ,40.0,Europe,spaces,15.0,no
646,Selah,Marin ,44.0,North America,tabs,10.0,no
647,Karter,Bauer ,30.0,North America,tabs,9.0,yes
648,Archie,Sanford ,32.0,South America,tabs,6.0,no
649,Reign,Butler ,38.0,Asia,spaces,15.0,no
650,Carlos,Chen ,43.0,North America,tabs,8.0,yes
651,Samuel,Weber ,35.0,Asia,spaces,15.0,no
652,Isla,Bravo ,37.0,South America,tabs,5.0,no
653,Emelia,Bass ,42.0,Europe,spaces,16.0,no
654,Santino,Huff ,47.0,North America,tabs,9.0,yes
655,Elsie,Banks ,35.0,North America,tabs,6.0,yes
656,Cash,Strickland ,37.0,South America,spaces,15.0,no
657,Kendrick,Zamora ,36.0,North America,tabs,5.0,yes
658,Raymond,Bentley ,48.0,North America,tabs,6.0,no
659,Reese,Brewer ,46.0,Oceania,spaces,13.0,no
660,Selena,Short ,36.0,North America,tabs,9.0,no
661,Rhett,Burnett ,31.0,North America,tabs,9.0,yes
662,Rafael,Suarez ,33.0,North America,tabs,7.0,yes
663,Jamison,Hutchinson ,32.0,Asia,spaces,16.0,no
664,Andrew,Lamb ,42.0,North America,tabs,7.0,no
665,Joshua,Fletcher ,43.0,Oceania,spaces,16.0,no
666,Matthew,Mendez ,26.0,Europe,spaces,18.0,no
667,Aiden,Dean ,32.0,South America,tabs,9.0,no
668,Everly,Allen ,29.0,North America,tabs,10.0,no
669,Madelynn,Finley ,36.0,Asia,spaces,15.0,no
670,Mariana,Li ,35.0,Europe,spaces,17.0,no
671,Wren,Finley ,45.0,North America,tabs,8.0,no
672,Ibrahim,Rocha ,48.0,Europe,spaces,15.0,no
673,Finn,Johnson ,39.0,Asia,spaces,15.0,no
674,Liana,Harrell ,36.0,Europe,spaces,15.0,no
675,Aubree,Col¢n ,36.0,South America,spaces,17.0,no
676,Kaleb,Larsen ,40.0,North America,tabs,8.0,yes
677,Leland,Anthony ,41.0,Oceania,spaces,17.0,no
678,William,Carpenter ,32.0,South America,spaces,18.0,no
679,Serenity,Gomez ,34.0,Europe,spaces,17.0,no
680,Alina,Mckee ,34.0,South America,tabs,7.0,no
681,Khalil,Frye ,33.0,Europe,spaces,15.0,no
682,Jeremiah,Higgins ,40.0,Africa,spaces,16.0,no
683,Adelyn,Mosley ,30.0,South America,spaces,17.0,no
684,Elianna,Fernandez ,38.0,North America,tabs,8.0,no
685,Scarlett,Bond ,32.0,Oceania,spaces,15.0,no
686,Sofia,Jones ,39.0,South America,tabs,8.0,yes
687,Waylon,Choi ,37.0,Asia,spaces,17.0,no
688,Roman,Corona ,38.0,Asia,spaces,15.0,no
689,Bryce,Roman ,20.0,South America,spaces,11.0,no
690,Eden,Davenport ,36.0,North America,tabs,5.0,no
691,Saylor,Eaton ,40.0,North America,tabs,9.0,no
692,Journey,Jacobson ,37.0,North America,tabs,10.0,yes
693,Noa,Terrell ,47.0,North America,tabs,7.0,yes
694,Walter,Fleming ,32.0,North America,tabs,7.0,yes
695,Jaxton,Rios ,36.0,Europe,spaces,14.0,no
696,Emilio,Cain ,36.0,North America,tabs,7.0,yes
697,Kian,Yates ,41.0,Asia,spaces,16.0,no
698,Milani,Benson ,38.0,Oceania,spaces,14.0,no
699,Clark,Parra ,41.0,North America,tabs,6.0,yes
700,Elliott,Matthews ,34.0,Africa,spaces,16.0,no
701,Cooper,Fowler ,37.0,South America,spaces,16.0,no
702,Alex,Mcintyre ,31.0,Asia,spaces,17.0,no
703,Nia,Sheppard ,31.0,North America,tabs,6.0,no
704,Madelyn,Snow ,37.0,North America,tabs,9.0,yes
705,Keira,Cuevas ,40.0,North America,tabs,6.0,no
706,Destiny,Steele ,51.0,North America,tabs,9.0,yes
707,Sutton,Lamb ,44.0,South America,tabs,6.0,no
708,Niko,Hansen ,40.0,South America,tabs,8.0,no
709,Forrest,Trujillo ,31.0,Africa,spaces,14.0,no
710,Jolene,Cohen ,45.0,North America,tabs,8.0,yes
711,Jesse,Hayden ,35.0,Asia,spaces,19.0,yes
712,Georgia,Love ,37.0,Europe,spaces,15.0,no
713,Alison,Hawkins ,38.0,North America,tabs,6.0,no
714,Leonidas,Jenkins ,31.0,Asia,spaces,17.0,no
715,Maddox,Jensen ,34.0,Africa,spaces,16.0,no
716,Keegan,Cochran ,39.0,Asia,spaces,15.0,no
717,Aniyah,West ,33.0,North America,tabs,9.0,yes
718,Luca,Maldonado ,29.0,North America,tabs,5.0,no
719,Mason,Hickman ,48.0,North America,tabs,9.0,no
720,Cairo,Wilkins ,35.0,Asia,spaces,14.0,no
721,Luca,Cook ,31.0,North America,tabs,8.0,yes
722,Kade,Blevins ,34.0,South America,tabs,7.0,no
723,Amy,Barker ,31.0,North America,tabs,9.0,no
724,Nayeli,Schroeder ,34.0,South America,tabs,9.0,yes
725,Ayla,Murray ,38.0,North America,tabs,7.0,no
726,Chance,Rivers ,40.0,Asia,spaces,17.0,no
727,June,Mclaughlin ,37.0,Africa,spaces,17.0,no
728,Beckett,Campbell ,32.0,South America,tabs,9.0,no
729,Miles,Wilson ,23.0,Oceania,spaces,18.0,no
730,Maci,Schneider ,38.0,North America,tabs,8.0,no
731,Allen,Daugherty ,35.0,North America,tabs,8.0,yes
732,Killian,Heath ,38.0,Europe,spaces,19.0,yes
733,Anastasia,Doyle ,33.0,South America,tabs,6.0,no
734,Averie,Casey ,31.0,Oceania,spaces,16.0,no
735,Logan,Cochran ,29.0,Oceania,spaces,16.0,no
736,Royalty,Patel ,24.0,Africa,spaces,14.0,no
737,Rylan,Graham ,39.0,Europe,spaces,19.0,yes
738,Heidi,Gutierrez ,36.0,Oceania,spaces,17.0,no
739,Luna,Francis ,41.0,North America,tabs,10.0,yes
740,Eden,Schmidt ,29.0,Europe,spaces,13.0,no
741,Clayton,Bryant ,32.0,North America,tabs,7.0,no
742,Juan,Sexton ,36.0,Europe,spaces,14.0,no
743,Bruce,Gallegos ,40.0,Asia,spaces,15.0,no
744,Hayden,Bradshaw ,34.0,Oceania,spaces,20.0,yes
745,Zyaire,Stark ,30.0,Asia,spaces,18.0,no
746,Bowen,Le ,39.0,North America,tabs,9.0,no
747,Jayden,Gallagher ,31.0,Oceania,spaces,15.0,no
748,Leonel,Browning ,38.0,Europe,spaces,12.0,no
749,Xavier,Thornton ,36.0,Europe,spaces,12.0,no
750,Jesse,Hall ,32.0,Oceania,spaces,14.0,no
751,Savannah,Bennett ,39.0,South America,tabs,8.0,yes
752,Tripp,Combs ,36.0,South America,tabs,6.0,no
753,Gideon,Francis ,32.0,North America,tabs,9.0,yes
754,Jayla,Kent ,45.0,Oceania,spaces,14.0,no
755,Ford,Williams ,41.0,North America,tabs,7.0,no
756,Peter,Robinson ,30.0,Africa,spaces,15.0,no
757,Uriel,Krueger ,38.0,South America,spaces,18.0,no
758,Alayna,Henry ,27.0,North America,tabs,10.0,no
759,Miles,Stewart ,41.0,South America,spaces,18.0,no
760,Ryleigh,Fletcher ,37.0,Asia,spaces,17.0,no
761,Zuri,Wang ,34.0,North America,tabs,9.0,yes
762,Saylor,Newman ,30.0,North America,tabs,7.0,yes
763,Isaias,Scott ,53.0,Africa,spaces,13.0,no
764,Sergio,Brown ,35.0,North America,tabs,6.0,no
765,Lena,Murray ,35.0,South America,spaces,16.0,no
766,Javier,Leblanc ,35.0,North America,tabs,9.0,yes
767,Summer,Martin ,29.0,Asia,spaces,15.0,no
768,Joshua,Hudson ,42.0,North America,tabs,6.0,no
769,Liam,Chang ,36.0,South America,spaces,17.0,no
770,Atticus,West ,28.0,Oceania,spaces,17.0,no
771,Lennon,Lambert ,38.0,South America,spaces,15.0,no
772,Mariah,Pearson ,32.0,Asia,spaces,16.0,no
773,Eliana,Finley ,28.0,North America,tabs,9.0,no
774,Sabrina,Foster ,33.0,South America,tabs,10.0,yes
775,Amir,Weeks ,36.0,South America,tabs,7.0,yes
776,Clayton,Hansen ,33.0,Asia,spaces,17.0,no
777,Graham,Serrano ,35.0,Europe,spaces,15.0,no
778,Archer,Strong ,38.0,North America,tabs,5.0,yes
779,Oliver,Price ,38.0,Oceania,spaces,19.0,yes
780,Delilah,Manning ,29.0,North America,tabs,6.0,no
781,Ximena,Phan ,39.0,Europe,spaces,15.0,no
782,Rylan,Burton ,41.0,Asia,spaces,14.0,no
783,Cristian,Blake ,38.0,Europe,spaces,19.0,no
784,Claire,Lawrence ,36.0,Europe,spaces,15.0,no
785,Warren,Martin ,32.0,North America,tabs,8.0,yes
786,Lydia,Reid ,37.0,North America,tabs,6.0,yes
787,Ella,Shepard ,36.0,North America,tabs,6.0,yes
788,Malik,Brooks ,39.0,North America,tabs,7.0,no
789,Nyla,Lim ,40.0,Europe,spaces,13.0,no
790,Arya,Doyle ,34.0,Africa,spaces,15.0,no
791,Remy,Solomon ,25.0,North America,tabs,8.0,no
792,Brantley,Jackson ,37.0,Asia,spaces,13.0,no
793,Clara,Alexander ,34.0,South America,tabs,8.0,yes
794,Stella,Vaughan ,32.0,South America,tabs,7.0,yes
795,Zion,Whitehead ,36.0,South America,tabs,6.0,no
796,Preston,Hobbs ,38.0,North America,tabs,8.0,no
797,Myla,Rocha ,37.0,North America,tabs,8.0,no
798,Rory,Johnson ,44.0,South America,tabs,8.0,no
799,Armani,Wyatt ,36.0,North America,tabs,8.0,no
800,Ariella,Heath ,43.0,North America,tabs,9.0,yes
801,Stephanie,Gutierrez ,40.0,Asia,spaces,20.0,yes
802,Tatum,Moran ,48.0,North America,tabs,7.0,no
803,Jase,Davis ,37.0,Africa,spaces,15.0,no
804,Cesar,Harrell ,42.0,Oceania,spaces,17.0,no
805,Jason,Rios ,37.0,Europe,spaces,14.0,no
806,Ronin,Harris ,36.0,North America,tabs,10.0,yes
807,Josie,Kemp ,35.0,Oceania,spaces,17.0,no
808,Hannah,Lozano ,43.0,North America,tabs,6.0,no
809,Jase,Hood ,39.0,Africa,spaces,15.0,no
810,Milo,Cano ,37.0,Oceania,spaces,17.0,no
811,Paisley,Dunn ,38.0,North America,tabs,9.0,no
812,Gracie,Huang ,35.0,North America,tabs,9.0,yes
813,Lincoln,Park ,26.0,North America,tabs,5.0,no
814,Lily,Reyna ,36.0,South America,tabs,8.0,yes
815,Nevaeh,Reeves ,32.0,Europe,spaces,20.0,yes
816,Hazel,Daugherty ,38.0,Asia,spaces,14.0,no
817,Jack,Harper ,40.0,North America,tabs,7.0,no
818,Ruben,Shepard ,34.0,North America,tabs,8.0,no
819,Reese,Donaldson ,36.0,Africa,spaces,19.0,yes
820,Israel,Powers ,28.0,North America,tabs,8.0,yes
821,Eva,Bernal ,38.0,North America,tabs,5.0,no
822,Sebastian,Ware ,45.0,Europe,spaces,15.0,no
823,Molly,Cervantes ,32.0,South America,spaces,20.0,yes
824,Joaquin,Golden ,27.0,North America,tabs,9.0,yes
825,Preston,Morales ,30.0,Africa,spaces,17.0,no
826,Evelyn,Booker ,35.0,Europe,spaces,14.0,no
827,Eliza,Harrington ,35.0,North America,tabs,7.0,no
828,Mario,Saunders ,27.0,Africa,spaces,15.0,no
829,Cristian,Gonzalez ,40.0,North America,tabs,8.0,yes
830,Zane,Dalton ,37.0,Europe,spaces,14.0,no
831,Catalina,Erickson ,28.0,North America,tabs,5.0,yes
832,Travis,Trujillo ,35.0,Africa,spaces,17.0,no
833,Aylin,Ho ,32.0,South America,tabs,5.0,yes
834,Alex,Shelton ,32.0,South America,tabs,7.0,yes
835,Leonardo,Ho ,39.0,North America,tabs,7.0,yes
836,Brynn,Dillon ,30.0,South America,tabs,7.0,yes
837,Marcus,Murphy ,32.0,Asia,spaces,17.0,no
838,Payton,Spence ,31.0,North America,tabs,6.0,yes
839,Destiny,Jacobson ,34.0,North America,tabs,7.0,no
840,Amelia,Hardin ,43.0,South America,tabs,10.0,yes
841,James,Tanner ,29.0,North America,tabs,6.0,no
842,Vivienne,Montoya ,33.0,North America,tabs,9.0,yes
843,Jose,Campbell ,47.0,North America,tabs,7.0,no
844,Beckham,Scott ,42.0,Europe,spaces,15.0,no
845,Leila,Medrano ,34.0,Asia,spaces,14.0,no
846,Zion,Nielsen ,38.0,Europe,spaces,16.0,no
847,Rebecca,Moody ,45.0,North America,tabs,10.0,yes
848,Elliana,Pruitt ,40.0,North America,tabs,7.0,no
849,Tatum,Schneider ,37.0,Europe,spaces,17.0,no
850,Olivia,Dillon ,28.0,Europe,spaces,11.0,no
851,Natalia,Ryan ,36.0,North America,tabs,8.0,yes
852,Miriam,Mcpherson ,38.0,North America,tabs,5.0,yes
853,Evelynn,Strickland ,42.0,North America,tabs,7.0,yes
854,Sabrina,Kaur ,41.0,Oceania,spaces,17.0,no
855,Alicia,Mack ,31.0,South America,spaces,16.0,no
856,Easton,Mccarthy ,37.0,North America,tabs,7.0,yes
857,Selah,Sloan ,30.0,North America,tabs,6.0,yes
858,Dylan,Murray ,32.0,Africa,spaces,17.0,no
859,Christian,Golden ,38.0,South America,spaces,16.0,no
860,Hayes,Montes ,45.0,North America,tabs,7.0,yes
861,Bowen,Reilly ,46.0,North America,tabs,7.0,no
862,Myles,Holland ,41.0,North America,tabs,10.0,yes
863,Adelynn,Lucas ,33.0,Europe,spaces,16.0,no
864,Makenzie,Lyons ,38.0,South America,tabs,6.0,yes
865,Jorge,Underwood ,33.0,Asia,spaces,16.0,no
866,Amira,Harrell ,42.0,Asia,spaces,14.0,no
867,Jacqueline,Reid ,36.0,North America,tabs,5.0,yes
868,Bradley,Conley ,39.0,Asia,spaces,17.0,no
869,Jayce,Ferguson ,31.0,North America,tabs,7.0,yes
870,Landon,Holmes ,34.0,North America,tabs,7.0,yes
871,June,Medina ,35.0,Oceania,spaces,15.0,no
872,Phoebe,Cummings ,37.0,Europe,spaces,17.0,no
873,Atlas,Baker ,33.0,Asia,spaces,16.0,no
874,Fabian,Arellano ,35.0,Oceania,spaces,14.0,no
875,Izabella,Ayers ,37.0,Oceania,spaces,15.0,no
876,Esme,Simpson ,24.0,North America,tabs,6.0,no
877,Lia,Stevens ,28.0,North America,tabs,8.0,yes
878,Madilyn,Wilcox ,37.0,North America,tabs,7.0,yes
879,Willow,Cummings ,42.0,North America,tabs,6.0,yes
880,Juliette,Vasquez ,30.0,North America,tabs,7.0,no
881,Harlow,Stanton ,34.0,North America,tabs,9.0,no
882,Lydia,Hammond ,44.0,North America,tabs,8.0,yes
883,Timothy,Arnold ,35.0,North America,tabs,7.0,no
884,Tripp,Castaneda ,28.0,Asia,spaces,16.0,no
885,Tucker,Austin ,39.0,Europe,spaces,17.0,no
886,Alexa,Bernal ,33.0,South America,tabs,8.0,yes
887,Kaison,Lester ,37.0,Europe,spaces,15.0,no
888,Cohen,Reid ,36.0,North America,tabs,6.0,yes
889,Atlas,Russo ,31.0,Africa,spaces,13.0,no
890,Vivienne,Randolph ,42.0,Asia,spaces,18.0,no
891,Simon,Wise ,40.0,South America,spaces,15.0,no
892,Brianna,Vance ,32.0,North America,tabs,5.0,yes
893,Lucca,Rasmussen ,38.0,North America,tabs,7.0,yes
894,Logan,Moyer ,34.0,North America,tabs,6.0,no
895,Ariana,Baldwin ,42.0,South America,tabs,9.0,no
896,Logan,Saunders ,42.0,Africa,spaces,18.0,no
897,Juliette,Harrington ,43.0,North America,tabs,9.0,yes
898,Callum,Hobbs ,41.0,Asia,spaces,16.0,no
899,River,Mckinney ,38.0,North America,tabs,6.0,no
900,Tate,Townsend ,30.0,North America,tabs,10.0,no
901,Kairo,Norman ,36.0,South America,tabs,10.0,yes
902,Ronan,Spears ,30.0,South America,tabs,6.0,no
903,Beckham,Maynard ,39.0,North America,tabs,10.0,yes
904,Ryan,Riley ,36.0,North America,tabs,7.0,yes
905,Joseph,Esparza ,41.0,North America,tabs,6.0,no
906,Gunner,Johnson ,38.0,North America,tabs,9.0,no
907,Melody,Fisher ,38.0,Europe,spaces,18.0,no
908,Emma,Stokes ,29.0,South America,tabs,9.0,yes
909,Ford,Kline ,33.0,North America,tabs,6.0,yes
910,Kimberly,Tang ,33.0,South America,tabs,6.0,no
911,Sarai,Walton ,33.0,North America,tabs,8.0,no
912,Leighton,Webb ,37.0,North America,tabs,8.0,yes
913,Ava,Briggs ,37.0,Europe,spaces,18.0,no
914,Cole,Branch ,34.0,Europe,spaces,13.0,no
915,Melody,Chapman ,27.0,Oceania,spaces,13.0,no
916,Seth,Long ,34.0,North America,tabs,6.0,no
917,Jaxton,Fry ,44.0,North America,tabs,8.0,yes
918,Leo,Green ,39.0,North America,tabs,7.0,yes
919,Nicole,Sparks ,35.0,North America,tabs,6.0,yes
920,Mckenna,Choi ,30.0,South America,spaces,17.0,no
921,Princeton,Butler ,27.0,North America,tabs,7.0,yes
922,Ari,Wood ,32.0,North America,tabs,6.0,no
923,Morgan,Cruz ,35.0,South America,tabs,10.0,yes
924,Noel,Murray ,38.0,North America,tabs,7.0,no
925,Amara,Howard ,24.0,South America,spaces,16.0,no
926,Jacob,Hoffman ,41.0,Asia,spaces,16.0,no
927,Phoenix,Calderon ,35.0,Oceania,spaces,18.0,no
928,Alijah,Baldwin ,39.0,North America,tabs,9.0,yes
929,Remi,Bullock ,40.0,Asia,spaces,20.0,yes
930,Hattie,Mcgee ,41.0,North America,tabs,7.0,yes
931,Maliyah,Knight ,33.0,North America,tabs,7.0,no
932,Evan,Sanford ,37.0,North America,tabs,10.0,no
933,Spencer,Dominguez ,31.0,South America,tabs,8.0,no
934,Russell,Brewer ,27.0,South America,tabs,10.0,no
935,Stevie,Beard ,39.0,Europe,spaces,20.0,yes
936,Dakota,Griffin ,33.0,North America,tabs,8.0,no
937,Oaklynn,Howe ,46.0,North America,tabs,9.0,yes
938,Kate,Wilkins ,40.0,South America,tabs,5.0,yes
939,Hudson,Ray ,37.0,Europe,spaces,18.0,no
940,Ismael,Mcmillan ,30.0,Europe,spaces,14.0,no
941,Allison,Erickson ,42.0,South America,tabs,6.0,yes
942,Nicolas,Morales ,37.0,North America,tabs,7.0,yes
943,Camila,Conway ,36.0,South America,tabs,7.0,no
944,Jeremiah,Davila ,34.0,Europe,spaces,14.0,no
945,Cristian,Weeks ,43.0,North America,tabs,8.0,no
946,Karson,Harrell ,33.0,North America,tabs,9.0,no
947,Anaya,Carson ,41.0,North America,tabs,8.0,yes
948,Kevin,Mcintosh ,40.0,Europe,spaces,16.0,no
949,Gianna,Price ,34.0,Europe,spaces,14.0,no
950,Vincent,Jones ,30.0,Europe,spaces,12.0,no
951,Leighton,Grimes ,35.0,North America,tabs,6.0,yes
952,Paige,Warner ,38.0,Asia,spaces,16.0,no
953,Antonio,Middleton ,33.0,North America,tabs,7.0,yes
954,Emmanuel,Cardenas ,37.0,North America,tabs,6.0,yes
955,Francisco,Ray ,43.0,South America,tabs,7.0,yes
956,Rocco,Armstrong ,36.0,Africa,spaces,14.0,no
957,Mckenna,Walters ,27.0,Europe,spaces,21.0,yes
958,Lucca,Caldwell ,36.0,Oceania,spaces,15.0,no
959,Tristan,Montgomery ,36.0,North America,tabs,5.0,yes
960,Valerie,Reyes ,38.0,North America,tabs,5.0,yes
961,Logan,Kent ,32.0,North America,tabs,7.0,yes
962,Brooklyn,Sellers ,38.0,North America,tabs,7.0,yes
963,Christian,Pratt ,34.0,North America,tabs,5.0,no
964,Kendrick,Camacho ,32.0,Europe,spaces,17.0,no
965,Rosemary,Morrow ,30.0,South America,spaces,18.0,no
966,Malani,Austin ,37.0,North America,tabs,9.0,no
967,Carson,Good ,37.0,Oceania,spaces,12.0,no
968,Meadow,Davis ,29.0,North America,tabs,9.0,yes
969,Rafael,Stevens ,33.0,Africa,spaces,16.0,no
970,Everly,Soto ,44.0,Oceania,spaces,16.0,no
971,Lucas,Gibbs ,37.0,South America,tabs,7.0,no
972,Valeria,Buckley ,32.0,South America,tabs,8.0,no
973,Kaison,Newman ,35.0,North America,tabs,10.0,no
974,Adriel,Mcmahon ,45.0,Oceania,spaces,15.0,no
975,Angel,Cain ,43.0,Asia,spaces,17.0,no
976,Evangeline,Calderon ,23.0,Asia,spaces,12.0,no
977,Camden,Moran ,36.0,Africa,spaces,17.0,no
978,Aaliyah,Knight ,39.0,North America,tabs,8.0,yes
979,Ava,Torres ,38.0,North America,tabs,7.0,no
980,Alani,Escobar ,28.0,Asia,spaces,16.0,no
981,Sullivan,Velazquez ,39.0,North America,tabs,9.0,no
982,Jesus,Murray ,38.0,Europe,spaces,16.0,no
983,Reese,King ,30.0,North America,tabs,9.0,no
984,Wren,Arias ,40.0,North America,tabs,9.0,yes
985,Raiden,Barron ,38.0,Africa,spaces,15.0,no
986,Zyaire,Reese ,40.0,Europe,spaces,17.0,no
987,Leia,Macdonald ,41.0,Africa,spaces,20.0,yes
988,Callan,Graves ,35.0,North America,tabs,7.0,no
989,Keegan,Sellers ,30.0,Europe,spaces,15.0,no
990,Joseph,Grimes ,47.0,North America,tabs,9.0,yes
991,Enzo,Hammond ,40.0,Oceania,spaces,15.0,no
992,Samantha,Small ,31.0,Africa,spaces,15.0,no
993,Julius,Leblanc ,40.0,Europe,spaces,15.0,no
994,Clara,Green ,40.0,Africa,spaces,16.0,no
995,Elias,Herring ,40.0,Africa,spaces,13.0,no
996,Brielle,Brown ,37.0,South America,tabs,7.0,no
997,Jessica,Ballard ,35.0,North America,tabs,9.0,no
998,Sloane,Cross ,34.0,Oceania,spaces,15.0,no
999,Miriam,Eaton ,33.0,North America,tabs,10.0,yes
